id,chapter_id,node_id,speaker,text,trigger
dialogue_001,chapter_01,node_port,海盗王,终于有人打开了这只瓶子。,chapter_start
dialogue_002,chapter_01,node_port,卡特琳娜,想活着离开就先修好船。迷雾里的东西已经发现我们了。,chapter_start
dialogue_003,chapter_01,node_fog_gate,卡特琳娜,近路穿过暗礁，远路能让船员休整。你来决定。,node_enter
dialogue_004,chapter_01,node_safe_cove,艾琳,风浪暂时停了。给我一点时间，我能让伤员重新站起来。,node_enter
dialogue_005,chapter_01,node_wreck,米克,残骸上有人挥旗。货舱也还没沉，先救谁由你决定。,node_enter
dialogue_006,chapter_01,node_wreck,获救水手,那艘黑帆船没有抢货。它像是在找瓶子。,choice_resolved
dialogue_007,chapter_01,node_black_tide,卡特琳娜,黑潮不是自然形成的。绑紧货箱，或者抓住桅杆赌一把。,node_enter
dialogue_008,chapter_01,node_black_tide,罗克,浪过去了——可炮口全是海水。下一场别让我等太久。,choice_resolved
dialogue_009,chapter_01,node_whisper,海盗王,借用我的力量，你会更快找到符文。,node_enter
dialogue_010,chapter_01,node_whisper,艾琳,声音从瓶子里来，也从每个人脑子里来。别轻易答应它。,choice_prompt
dialogue_011,chapter_01,node_cursed_compass,卡特琳娜,罗盘知道敌船的弱点，但每走一步都在改变我们的航向。,node_enter
dialogue_012,chapter_01,node_cursed_compass,米克,要么利用它先开一炮，要么现在就砸碎。别让它替船长下令。,choice_prompt
dialogue_013,chapter_01,node_raider,罗克,先轰碎它的甲板，再让米克带人登船！,battle_start
dialogue_014,chapter_01,node_raider,卡特琳娜,敌炮正在校准。压制火炮能保住船体，破坏甲板能削弱接舷队。,naval_hint
dialogue_015,chapter_01,node_raider,米克,钩索就位！甲板打得越烂，我们登船越轻松。,boarding_start
dialogue_016,chapter_01,node_raider,艾琳,守住阵线，我只能进行一次紧急包扎。,boarding_hint
dialogue_017,chapter_01,node_rune_clue,海盗王,第一道封印已经松动。继续吧，船长。,chapter_complete
dialogue_018,chapter_01,node_port,卡特琳娜,这次战利品足够改造船。选好方向，下一片迷雾不会等我们。,return_to_port
dialogue_019,chapter_01,node_tide_gate,卡特琳娜,墓场的潮流在两条航道间切换。强化过的那一侧会更容易通过。,node_enter
dialogue_020,chapter_01,node_tide_gate,罗克,炮门航道给我射界；破潮水道就交给加固船壳。别让升级只躺在账本里。,choice_prompt
dialogue_024,chapter_01,node_tide_signal,卡特琳娜,雾里有求救火。引潮钟正把那名水手的锚链和守卫潮盾连在一起。,node_enter
dialogue_025,chapter_01,node_tide_signal,罗克,现在开炮能打碎钟，但靠近以后射界就没了。,choice_prompt
dialogue_026,chapter_01,node_tide_signal,米克,给我一条小艇，我能把人带回来。他一定知道锚链从哪里断。,choice_prompt
dialogue_021,chapter_01,node_tide_guardian,米克,那不是船壳——锚链织成的潮盾正在替它挡炮。,battle_start
dialogue_022,chapter_01,node_tide_guardian,艾琳,远射保船但要多打一轮；撞断潮锚更快，也会伤到我们。,naval_hint
dialogue_023,chapter_01,node_tide_rune,海盗王,第二道封印不是被岁月磨损的。是我亲手撕开的。,chapter_complete
dialogue_027,chapter_01,node_frost_gate,卡特琳娜,冰层不是地图上的静物。左舷和右舷的裂口每一轮都在换位。,node_enter
dialogue_028,chapter_01,node_frost_gate,罗克,走信号焰航道就把中央冰脊交给炮口；走浮冰群就别浪费补给。,choice_prompt
dialogue_029,chapter_01,node_frost_beacon,卡特琳娜,给我信标和冰图。我能把下一轮撞击写成你下令前看得见的数字。,node_enter
dialogue_030,chapter_01,node_frost_beacon,艾琳,冰下还有探险队。先把他们救上来，我能替全船挽回一次错误。,choice_prompt
dialogue_031,chapter_01,node_frost_hazard,米克,巨人在推冰！看清裂口在哪一侧再转舵。,battle_start
dialogue_032,chapter_01,node_frost_hazard,卡特琳娜,目标是穿出去。三轮之后还没推进五格就会被重新封死。,naval_hint
dialogue_033,chapter_01,node_frost_rune,海盗王,寒冷没有挡住亡灵。它们比你更早抵达这里。,chapter_complete
dialogue_034,chapter_01,node_frost_rune,艾琳,探险队认得这个符号。侵蚀正在沿海流向更北方扩散。,choice_prompt
