id,chapter_id,name,description,required_flag
event_route_choice,chapter_01,暗礁间的航线,安全航线更远但能恢复补给；近路可能发现沉船战利品,voyage_ready
event_safe_cove,chapter_01,避风休整,船员请求在进入危险海域前短暂休整,route_chosen
event_wreck_survivors,chapter_01,沉船幸存者,残骸上仍有人求救；救人和搜刮会带来不同后果,route_chosen
event_black_tide,chapter_01,黑潮来袭,异常浪墙逼近船队；消耗补给固定货物或承受船体损伤,route_chosen
event_whisper,chapter_01,瓶中低语,海盗王提出以力量交换服从,black_tide_crossed
event_cursed_compass,chapter_01,诅咒罗盘,罗盘指向追猎者的弱点也在侵蚀船员意志,curse_heard
event_raider_encounter,chapter_01,追猎者拦截,诅咒敌船封锁航道；舰炮结果将直接影响接舷战,compass_resolved
event_rune_clue,chapter_01,符文回响,战利品中的碎片回应了水晶瓶,raider_defeated
event_tide_route_choice,chapter_01,潮汐墓场入口,船体强化可抵消破潮水道的撞击；火炮强化可压低炮门航道的补给消耗,chapter_01_complete
event_tide_signal,chapter_01,墓场求救火,缚锚水手与引潮钟同时出现；击碎钟能削弱潮盾，救人能揭示锚链弱点,tide_route_chosen
event_tide_guardian,chapter_01,沉锚符文守卫,潮盾会吸收全部攻击；船体、火炮、首席任命与求救火选择共同决定破盾方案,tide_signal_resolved
event_tide_rune,chapter_01,沉锚符文祭台,第二枚符文揭示海盗王曾主动撕裂封印,tide_guardian_defeated
event_frost_route_choice,chapter_01,极地港航道口,浮冰群航道保留补给但要求准确转向；信号焰航道消耗补给换取中央破冰窗口,tide_voyage_complete
event_frost_beacon,chapter_01,极地信标,卡特琳娜可揭示精确冰潮后果；艾琳可保住探险队并恢复一次错误操作,frost_route_chosen
event_frost_hazard,chapter_01,冰霜巨人与移动冰潮,三轮危险窗口会改变最佳空间操作；目标是推进穿越而非削减单一护盾,frost_beacon_resolved
event_frost_rune,chapter_01,寒冰符文祭台,第三枚符文记录亡灵侵蚀已经抵达极地海域,frost_giant_passed
