id,chapter_id,type,name,risk,visibility,event_id,enemy_id,reward_id,required_flag,grants_flag
node_port,chapter_01,port,皇家港,0,visible,,,,,voyage_ready
node_fog_gate,chapter_01,choice,第一片迷雾,1,visible,event_route_choice,,,,route_chosen
node_wreck,chapter_01,resource,沉船残骸,1,fogged,event_wreck_survivors,,reward_salvage,route_chosen,salvage_found
node_safe_cove,chapter_01,event,避风海湾,1,fogged,event_safe_cove,,,,crew_restored
node_black_tide,chapter_01,event,黑潮浪墙,2,fogged,event_black_tide,,,route_chosen,black_tide_crossed
node_whisper,chapter_01,event,海盗王低语,2,fogged,event_whisper,,,black_tide_crossed,curse_heard
node_cursed_compass,chapter_01,event,诅咒罗盘,3,fogged,event_cursed_compass,,,curse_heard,compass_resolved
node_raider,chapter_01,battle,诅咒追猎者,3,fogged,event_raider_encounter,enemy_cursed_raider,reward_battle,compass_resolved,raider_defeated
node_rune_clue,chapter_01,chapter_end,符文回响,2,fogged,event_rune_clue,,reward_rune_clue,raider_defeated,chapter_01_complete
node_tide_gate,chapter_01,choice,潮汐墓场入口,2,visible,event_tide_route_choice,,,,tide_route_chosen
node_tide_signal,chapter_01,event,墓场求救火,3,fogged,event_tide_signal,,,tide_route_chosen,tide_signal_resolved
node_tide_guardian,chapter_01,battle,沉锚符文守卫,3,fogged,event_tide_guardian,enemy_tide_warden,reward_tide_guardian,tide_signal_resolved,tide_guardian_defeated
node_tide_rune,chapter_01,chapter_end,沉锚符文祭台,3,fogged,event_tide_rune,,reward_tide_rune,tide_guardian_defeated,tide_voyage_complete
node_frost_gate,chapter_01,choice,极地港航道口,2,visible,event_frost_route_choice,,,,frost_route_chosen
node_frost_beacon,chapter_01,event,极地信标,3,fogged,event_frost_beacon,,,frost_route_chosen,frost_beacon_resolved
node_frost_hazard,chapter_01,battle,移动冰潮,3,fogged,event_frost_hazard,enemy_frost_giant,reward_frost_passage,frost_beacon_resolved,frost_giant_passed
node_frost_rune,chapter_01,chapter_end,寒冰符文祭台,3,fogged,event_frost_rune,,reward_frost_rune,frost_giant_passed,frost_voyage_complete
