id,chapter_id,from_node,to_node,route,risk,supply_cost,condition
edge_01,chapter_01,node_port,node_fog_gate,departure,0,1,voyage_ready
edge_02,chapter_01,node_fog_gate,node_wreck,risky_shortcut,2,1,route_chosen
edge_03,chapter_01,node_fog_gate,node_safe_cove,safe_route,1,2,route_chosen
edge_04,chapter_01,node_wreck,node_black_tide,risky_shortcut,2,0,route_event_resolved
edge_05,chapter_01,node_safe_cove,node_black_tide,safe_route,1,0,route_event_resolved
edge_06,chapter_01,node_black_tide,node_whisper,convergence,2,0,black_tide_crossed
edge_07,chapter_01,node_whisper,node_cursed_compass,curse_path,2,0,curse_heard
edge_08,chapter_01,node_cursed_compass,node_raider,intercept,3,1,compass_resolved
edge_09,chapter_01,node_raider,node_rune_clue,chapter_goal,1,0,raider_defeated
edge_10,chapter_01,node_port,node_tide_gate,tide_departure,1,1,chapter_01_complete
edge_11,chapter_01,node_tide_gate,node_tide_signal,tide_breaker_channel,3,0,tide_route_chosen
edge_12,chapter_01,node_tide_gate,node_tide_signal,tide_cannon_pass,3,0,tide_route_chosen
edge_13,chapter_01,node_tide_signal,node_tide_guardian,tide_signal_approach,3,0,tide_signal_resolved
edge_14,chapter_01,node_tide_guardian,node_tide_rune,tide_goal,2,0,tide_guardian_defeated
edge_15,chapter_01,node_port,node_frost_gate,frost_departure,2,1,tide_voyage_complete
edge_16,chapter_01,node_frost_gate,node_frost_beacon,frost_pack_channel,3,0,frost_route_chosen
edge_17,chapter_01,node_frost_gate,node_frost_beacon,frost_flare_pass,3,1,frost_route_chosen
edge_18,chapter_01,node_frost_beacon,node_frost_hazard,frost_signal_approach,3,0,frost_beacon_resolved
edge_19,chapter_01,node_frost_hazard,node_frost_rune,frost_goal,2,0,frost_giant_passed
