id,hero_group,stage,background,foreground,portrait,accent,animation,audio_cue
presentation_opening,harbor,opening,Images/V2/ui2_harbor.png,,,gold,bottle_float,curse
presentation_harbor,harbor,harbor,Images/V2/ui2_harbor.png,,,sea,ship_breathe,wave
presentation_map,map,route_choice,Images/V2/ui2_exploration.png,,,sea,map_drift,wave
presentation_route,map,route_event,Images/V2/ui2_exploration.png,,,gold,map_drift,wave
presentation_tide,map,black_tide,Images/V2/ui2_exploration.png,,,danger,wave_surge,wave
presentation_whisper,rune,whisper,Images/V2/ui2_rune.png,,,purple,curse_pulse,curse
presentation_compass,rune,curse_choice,Images/V2/ui2_rune.png,,,purple,curse_pulse,curse
presentation_naval,combat,naval,Images/V2/ui2_combat.png,,,danger,enemy_heave,cannon
presentation_boarding,combat,boarding,Images/V2/ui2_combat.png,,,danger,enemy_heave,boarding
presentation_rune,rune,rune_clue,Images/V2/ui2_rune.png,,,purple,rune_pulse,victory
presentation_settlement,rune,settlement,Images/V2/ui2_rune.png,,,gold,reward_reveal,victory
presentation_upgrade,harbor,upgrade,Images/V2/ui2_harbor.png,,,gold,reward_reveal,victory
presentation_complete,harbor,complete,Images/V2/ui2_harbor.png,,,gold,bottle_float,victory
presentation_failed,combat,failed,Images/V2/ui2_combat.png,,,danger,damage_shake,sinking
presentation_tide_route,map,tide_route_choice,Images/V2/ui2_exploration.png,,,sea,map_drift,wave
presentation_tide_guardian,combat,tide_guardian,Images/V2/ui2_combat.png,,,danger,enemy_heave,cannon
presentation_tide_rune,rune,tide_rune_clue,Images/V2/ui2_rune.png,,,purple,rune_pulse,victory
presentation_tide_settlement,rune,tide_settlement,Images/V2/ui2_rune.png,,,gold,reward_reveal,victory
presentation_tide_complete,harbor,tide_complete,Images/V2/ui2_harbor.png,,,success,bottle_float,victory
