issue_id,severity,area,found_by,symptom,root_cause,status,verification,evidence,release_effect
V2-001,P0,audio,internal_runtime_smoke,"触发旧 AudioEngine.playEffect 后应用进程退出","旧 Cocos/OpenAL 音频后端与当前 iOS 运行环境不兼容",fixed,"AVFoundation cue 启动后进程持续存活 8.5 秒","phase-3-validation.md / native cannon-cue smoke",closed
V2-002,P1,presentation,simulator_review,"V2 样片在现代 iPhone 上出现上下黑边","旧启动图配置使系统采用兼容画布",fixed,"四个英雄画面均按全屏安全区重新截图","phase-3-map.png; phase-3-naval.png; phase-3-boarding.png; phase-3-rune.png",closed
V2-003,P1,presentation,simulator_review,"旧任务提示覆盖 V2 第一章界面并干扰目标层级","legacy mission toast 未受 V2 feature gate 控制",fixed,"legacy.missions 关闭时不再创建提示","controller.lua feature gate and phase-3 screenshots",closed
V2-004,P2,performance,internal_process_sample,"60 FPS 稳定画面持续接近单核满载","旧 OpenGL 场景在模拟器中通过 GLEngine 软件渲染",mitigated_pending_device,"30 FPS 与 2x framebuffer 后 physical footprint 102.7 MB；同机 CPU 88.7%；真机帧率仍待确认","AppDelegate.cpp; CCGLView.mm; phase-4-quality-audit.md",blocks_device_gate
V2-005,P2,build,internal_device_compile,"旧引擎子工程和静态库产生部署版本及平台元数据警告","历史 Cocos2d-x 工程设置和预编译库年代较早",accepted_legacy_debt,"tracked 工程与构建 override 统一 iOS 12 且 simulator/device compile 通过；旧静态库 platform metadata 与 OpenGLES 警告保留","xcode.sh; device build output; phase-4-quality-audit.md",non_blocking
V2-006,P1,validation,phase4_gate,"尚无两轮真实外部目标用户结果，无法验证理解与继续意愿","外部参与者数据不在代码仓库和自动化环境能力范围内",open_external,"按 phase-4-user-test-protocol.md 完成两轮并填入空模板","quality_gate.csv external rows are pending_external",blocks_go_decision
V2-007,P1,build,simulator_install,"默认 ios-sim 命令在 Apple Silicon 主机产出 x86_64 应用并无法安装到 arm64 QA 模拟器","构建脚本把模拟器默认架构硬编码为 x86_64",fixed,"默认 ./xcode.sh ios-sim 产物经 file 确认为 arm64 并成功安装","xcode.sh and simulator install smoke",closed
V2-008,P1,save_migration,internal_automation,"阶段 3 测试档在 schema 4 加入本地记录后会回退到新档","normalize 只接受与当前 schema 完全相等的存档",fixed,"自动测试确认 3→4 保留 stage 与 resources；损坏 stage 安全回退","test_v2_phase4.lua",closed
V2-009,P2,test_environment,simulator_matrix,"iPhone 13 mini / iOS 26.2 显示 rdar:45025538 红条并把应用压入 360x640 兼容画布","Xcode 26.2 CoreSimulator 对 iPhone 12/13 mini 报告错误屏幕模型；非应用启动屏回归",accepted_environment,"iPhone SE 3、iPhone 12 Pro 与 iPad A16 稳定矩阵全屏通过；mini 干净重装仍可复现","phase-4-simulator-matrix.md; Apple Developer Forums thread 807280",non_blocking_simulator_limit
V2-010,P1,save_recovery,internal_code_audit,"顶层合法但 resources、ship 或 battle 嵌套字段损坏的存档会被接纳，后续界面或战斗读取可能异常","旧 normalize 只校验 schema、chapter 和 stage，随后无条件覆盖嵌套运行状态",fixed,"Lua 回归分别注入损坏资源、船只和战斗字段，全部在运行前回退到合法同档位基线并返回可见恢复说明","V2ChapterState.lua; V2ChapterController.lua; test_v2_chapter_state.lua; test_v2_phase4.lua",closed
V2-011,P1,build_reproducibility,release_engineering,"主应用和所引用 cocos2d Xcode 工程未被版本控制，干净检出无法复现 iOS 构建","历史 .gitignore 排除了完整 projects 与 engine build 目录",fixed,"主工程、引擎工程与 iOS/macOS shared scheme 均进入候选变更；发行静态检查验证路径和 ignore 规则",".gitignore; projects/ios_mac/NewPirate.xcodeproj; src/engine/cocos2d-x/build/cocos2d_libs.xcodeproj; validate_ios_release.py",closed
V2-012,P1,privacy,release_binary_audit,"iOS 目标仍包含 IDFA、广告、内购、兑换码和奖励评论桥接，无法支持当前无跟踪无收集声明","旧商业化 Objective-C 源码与框架仍挂在提交 target",fixed,"发行静态检查与 archive 二进制检查均确认 AdSupport、StoreKit、Google Mobile Ads、IDFA 和 IAP 符号未进入候选包","OpenUrl.mm; CppOCBridge.mm; AppController.mm; project.pbxproj; validate_ios_archive.py",closed
V2-013,P0,security_compliance,release_binary_audit,"候选二进制带入 curl 7.26、OpenSSL 1.0.1c、WebSocket 和 Lua 网络绑定，形成过期网络与加密攻击面","历史 cocos2d 引擎 target 默认链接十余年前的静态网络库，AssetsManager 和 Lua 注册继续拉入引用",fixed,"iOS 引擎 target 移除网络源、库和链接参数；arm64 archive 不含 curl、SSL、AES、HttpClient、XMLHttpRequest 或 WebSocket 符号","cocos2d_libs.xcodeproj; CCLuaStack.cpp; AssetsManager.cpp; validate_ios_archive.py",closed
V2-014,P0,distribution_account,release_readiness,"当前只能生成无签名 archive，尚不能上传或创建 TestFlight 构建","仓库和自动化环境没有目标 Apple Developer 团队、Distribution 证书、App Store Connect App 记录与账号权限",open_account,"账号负责人确认 Bundle ID 归属，生成签名 archive 并通过 App Store Connect 上传校验后关闭","ios-release-readiness.md; App Store Connect upload result pending",blocks_submission
V2-015,P1,marketing_art,store_review,"现有 1024 图标虽满足技术尺寸，但照片式视觉与精致卡通 2.5D 海盗冒险方向不一致，且商店截图尚未按尺寸交付","历史图标和运行截图未经过商店视觉定稿与设备规格导出",fixed,"瓶中黑帆 V2 图标完成 19 槽 RGB 无 Alpha 导出并通过 SpringBoard 预览；探索、舰炮、返港成长和符文线索在 iPhone 6.9 英寸与 iPad 13 英寸各导出 4 张玩家截图，尺寸/Alpha/清单和全分辨率视觉检查通过","app-store-assets-iteration-1.md; app-store-screenshots/manifest.json; validate_app_store_assets.py",closed
V2-016,P0,startup,release_runtime_smoke,"干净安装后的 Release 包进度条满格但无法进入第一章","加载完成动作每帧被重置；修正后又暴露启动时仍会调用已退役服务器时钟并访问已从 iOS 移除的 XMLHttpRequest",fixed,"完成动作改为一次性本地跳转；启动与回前台服务器时钟均受关闭的 legacy.network_time 门控；干净安装后 5 秒进入首章，再次唤起 PID 保持 13397","Update.lua; NotificationNode.lua; V2Config.lua; ios-release-player-opening.png; validate_ios_release.py",closed
V2-017,P1,presentation,app_store_full_resolution_review,"iPhone 章节标题进入 Dynamic Island 覆盖区；4:3 iPad 舰炮数值与操作按钮重叠","V2 页面沿用高屏固定纵向坐标，未对 640×960 紧凑画布和顶部遮挡区建模",fixed,"新增纯 Lua 响应式布局模型；iPhone 标题安全距离与 iPad 卡片/三排按钮/页脚边界自动测试通过，8 张商店截图全分辨率复核无覆盖","V2ChapterLayout.lua; test_v2_chapter_layout.lua; app-store-assets-iteration-1.md; app-store-screenshots",closed
V2-018,P0,privacy_support,release_readiness,"V2 没有已验证的公开隐私政策/支持 URL，历史设置页主体与联系方式也缺少当前权属证据","2.0.0 发行主体、支持邮箱、HTTPS 托管和 App Store 字段均依赖外部负责人确认",mitigated_external,"仓库模板、渲染/校验工具、App 内本地入口与 HTTPS 防护已完成；关闭前必须验证真实主体和邮箱、部署两个公网页面、配置 App 链接并通过真机及线上检查","privacy-support-publication-iteration-1.md; V2ReleaseInfo.lua; validate_public_release_pages.py",blocks_submission
V2-019,P0,app_store_connect,release_readiness,"App Store Connect 的 App 记录、元数据、审核联系人、年龄分级、隐私/出口问卷、价格、地区和上传构建尚未形成可审计的一致提交状态","关键值依赖外部账号权限、法律/运营确认、有效分发签名和后台计算结果，原有 Markdown 草案也无法机器检查字段限制与完成状态",mitigated_external,"提交 manifest、纯文本元数据、审核路径、年龄分级事实清单和准备/严格双层校验已完成；关闭前必须用真实后台证据补齐全部字段并通过 strict 校验","app-store-connect-compliance-iteration-1.md; app-store-submission-manifest.json; validate_app_store_submission.py",blocks_submission
V2-020,P0,save_durability,internal_code_audit,"物理存档若在直接覆盖时中断或文件头/压缩流被截断，原生读取会在 Lua 恢复前信任长度并可能越界、异常分配或启动崩溃","旧 Record 直接 wb 覆盖正式文件，未校验头部边界；LZSS 输出无容量参数、压缩缓冲区可能不足且数组析构使用错误 delete",fixed,"ASan/UBSan 验证正常/32位旧档/全部截断前缀/1500 组变异/解压越界/原子失败保留旧档；iOS 26.2 Release 将玩家存档截断为 7 字节后稳定启动、显示恢复说明并生成 995 字节合法新档","save-durability-iteration-1.md; RecordCodec.cpp; test_record_codec.sh; save-container-recovery-player.png",closed
V2-021,P1,native_memory,release_static_analyzer,"Cocos Data 复制自赋值或把自身 getBytes 传回 copy 时会先释放源缓冲再 memcpy；移动赋值和 fastSet 替换还会覆盖旧所有权并泄漏","Data::copy 在复制前调用 clear，赋值运算符没有自赋值保护，move/fastSet 接管新缓冲前没有释放目标旧缓冲",fixed,"独立 ASan/UBSan 覆盖复制自赋值、公开别名复制、fastSet 自别名与替换、移动替换和移动自赋值；ASan poisoning 确认三条替换路径释放旧分配，Release 静态分析中 CCData 的 use-after-free 告警消失","native-memory-safety-iteration-1.md; CCData.cpp; test_ccdata_ownership.sh",closed
V2-022,P1,local_file_io,release_static_analyzer,"FileUtils 忽略 fseek/ftell、分配和完整读取失败；负长度可导致错误位置写终止符，空文件分配不会移交也不会释放","旧 getData/getFileData 直接用未经验证的 long 长度执行 malloc、终止符写入和 fread，size 为零时仅记录失败但遗留缓冲",fixed,"共用安全读取实现先验证定位、非负长度、ssize_t 上限和分配，完整短读才移交所有权；ASan/UBSan 覆盖空/文本/二进制/上限/分配失败/缺失与目录，Release 静态分析零诊断；iOS 26.2 Release 注入 17 个零字节旧档后持续存活并进入序章","fileutils-read-safety-iteration-1.md; CCFileUtilsRead.h; test_fileutils_read.sh",closed
V2-023,P1,userdefault_migration,release_static_analyzer,"旧 UserDefault.xml 读取在 XML 无效、根节点为空、目标键缺失或 base64 无效时遗留 XMLDocument；设置读取和写入会重复触发","兼容层用裸指针把 XMLDocument 所有权交给调用方，但只有找到并成功迁移节点时才 delete；失败分支没有统一释放",fixed,"move-only RAII 查询对象在所有退出路径释放文档，只有找到节点时保留其生命周期；ASan/UBSan 覆盖无效/空根/缺键/迁移与 20,000 次压力循环，Release 静态分析两条原始泄漏诊断归零；iOS 26.2 Release 物理注入旧 XML 后迁移启动键并保留无关键","userdefault-xml-ownership-iteration-1.md; CCUserDefaultXML.h; test_userdefault_xml.sh",closed
V2-024,P1,renderer_memory,release_static_analyzer,"TextureAtlas 的合法 0 容量初始化会对 malloc(0) 可能返回的空指针调用两次 memset；Release 下负容量、乘法和 16 位顶点索引上限也没有运行时保护","初始化只用断言检查容量，随后无条件分配和清零；错误分支仅在 capacity > 0 时处理，零容量继续把空地址传入 C 内存函数",fixed,"共用受限分配器把 0 容量作为无分配成功态，拒绝负值、字节乘法溢出和超过 16,384 个 quad 的索引范围；ASan/UBSan 覆盖零容量、正常清零、两段分配失败与边界，CCTextureAtlas Release 静态分析两条原始诊断归零；iOS 26.2 Release 首章标签/精灵渲染持续存活","texture-atlas-allocation-iteration-1.md; CCTextureAtlasAllocation.h; test_texture_atlas_allocation.sh",closed
V2-025,P1,ios_view_lifecycle,release_static_analyzer,"iOS 主 OpenGL 视图在 MRC 下未释放 markedText 与复制属性 markedTextStyle，且 UITextInput 的 selectionRectsForRange 返回 nil 违反非空协议契约","CCEAGLView 的 dealloc 只释放 renderer 和键盘通知；自动合成的复制属性没有显式 ivar 清理，输入法选区接口仍保留空实现",fixed,"显式绑定并释放 markedTextStyle，释放组合文本并移除通知观察者；复制 setter 保持 property 语义，选区接口返回空数组；源契约测试、Release 静态分析零诊断和 iOS 26.2 Release 多次启动/终止 smoke 通过","eaglview-ime-contract-iteration-1.md; CCEAGLView.mm; test_eaglview_contract.py",closed
V2-026,P1,signing_preflight,release_readiness_refresh,"人工按证书显示名称和 Profile 是否存在判断签名状态，会把同名旧证书误当当前私钥身份，也无法证明证书、私钥、Profile、Bundle ID、团队、工程配置与真机状态形成可用链","发布资料缺少可重复的 Apple 签名关联审计与严格失败门禁；旧记录因此把当前有效开发身份误记为 2023 年过期",fixed,"只读工具以 find-identity 指纹关联钥匙链证书和 Profile 内嵌证书，联合检查有效期、团队、Bundle ID、DEVELOPMENT_TEAM 与 CoreDevice；专项覆盖通配/精确匹配、过期、私钥错配和设备门禁；本地无自动 provisioning 更新的签名编译与 codesign 严格校验通过，缺失分发链仍以退出码 2 失败","apple-signing-readiness-iteration-2.md; apple_signing_readiness.py; test_apple_signing_readiness.py",closed
V2-027,P1,device_preflight,release_readiness_refresh,"配对真机在连续签名预检间出现 0→1→0 台 available 波动，单次人类表格采样可能把瞬时在线误判为开发安装已就绪","设备审计解析 devicectl 非稳定表格接口，且没有要求同一物理设备连续满足配对、隧道、开发者模式与 DDI 条件",fixed,"改用 devicectl 唯一受支持的 JSON 脚本接口；开发严格门禁强制至少 3 次同设备连续就绪，轮换、波动、重复行或开发者模式关闭均失败；报告哈希 identifier 并排除名称、序列号和 UDID；本机三连采样为 0 台并以退出码 2 失败","apple-device-stability-iteration-1.md; apple_signing_readiness.py; test_apple_signing_readiness.py",closed
V2-028,P1,signed_artifact,release_readiness_refresh,"签名前材料关联正确仍不能证明最终 App 实际使用了同一 Team、Bundle ID、证书、Profile 和发布模式；有效 Development 签名可能被误记为 App Store 分发产物","发布门禁只有无签名 archive 内容检查和签名前 readiness，没有对 codesign、entitlements、embedded Profile 与实际 leaf 证书做产物级联合验证",fixed,"新增签名 App 验证器，联合检查 strict codesign、Info/signature/entitlements/Profile 一致性、leaf/Profile 指纹、有效期、arm64 和开发/分发模式；真实 Development App 全部通过，同一产物冒充分发时四项错误并以退出码 2 失败","signed-app-integrity-iteration-1.md; validate_ios_signed_app.py; test_validate_ios_signed_app.py",closed
V2-029,P1,final_release_gate,release_readiness_refresh,"App Store 严格元数据、公开 URL 在线内容、archive 内容和 Distribution 签名模式需要人工分别执行；旧 strict 只验证 codesign 结构，可能遗漏有效 Development archive 的模式错误","发布流程缺少唯一不可绕过的最终 GO 聚合器，独立严格校验也没有复用产物级 Distribution 规则",fixed,"新增统一最终门禁：30 个外部字段零 pending 后才运行严格 manifest、两页公网、archive 内容和 Distribution App 四项检查；空、skipped 或 failed 均 HOLD；独立 strict 也调用 Distribution 产物验证器；当前真实状态 30 pending、4 skipped、退出码 2","final-app-store-gate-iteration-1.md; final_app_store_gate.py; test_final_app_store_gate.py; validate_app_store_submission.py",closed
V2-030,P1,external_evidence,phase4_gate_refresh,"外测分析器只检查轮次、去重和四个布尔指标；10 行缺少访谈、混合构建或不满足经验/设备分层的形式化记录仍可能得到 PASS","冻结构建、来源字段、观察时序、访谈原始回答和样本分层只存在于人工协议，没有进入机器可拒绝的证据契约",fixed,"分析器强制匿名 ID 对齐轮次、每轮单一 Git SHA、R2 新提交、有效场次访谈与关键时序、技术失败指标留空，并要求每轮至少 2 名轻度、2 名中重度及小屏/常规 iPhone 覆盖；绕过专项均失败，空模板和 pending_external 保持不变","external-test-evidence-integrity-iteration-1.md; phase-4-test-record-template.csv; analyze_user_tests.py; test_analyze_user_tests.py",closed
V2-031,P1,device_evidence,release_readiness_refresh,"真机矩阵只存在于人工清单，单台设备、混用构建、短暂启动或 development 包结果可能被误写成完整上线体验通过","设备连接预检只能证明瞬时开发条件，发行流程缺少同候选三类设备、持续时长、触控/布局/帧率/温控/声音/恢复和 TestFlight 模式的结构化证据门禁",fixed,"新增零记录真机模板和严格验证器；要求低端 iPhone、现代 iPhone、iPad 使用同一仓库提交/候选/渠道/build ID，14 项检查与最低时长全通过；最终模式只接受同一 TestFlight build；当前零记录、缺三角色、退出码 2","device-acceptance-evidence-iteration-1.md; device-acceptance-template.csv; validate_device_acceptance.py; test_validate_device_acceptance.py",closed
V2-032,P1,overall_launch_gate,release_readiness_refresh,"App Store 提交、两轮外测、三类真机、质量状态、开放 P0/P1 和最终产品决策分别存在；单独某一域通过可能被误写成产品总体可上线","项目缺少唯一总体 GO 聚合器，也没有验证外测 R2、最终 release commit、真机 TestFlight build 与实际上传 build 属于同一候选链",fixed,"新增总体上线 manifest 与唯一聚合门禁：先盘点 47 项产品/App Store/质量/问题前置，再连续运行完整发行、外测、TestFlight 真机、App Store 和跨证据一致性五项检查；空、缺失、skipped 或 failed 均 HOLD；当前 47 pending、退出码 2","final-product-launch-gate-iteration-1.md; product-launch-manifest.json; final_product_launch_gate.py; test_final_product_launch_gate.py",closed
V2-033,P2,combat_feedback,internal_sample_review,"舰炮说明和战后复盘存在，但玩家接舷前看不到甲板破坏对敌军开场状态的实时预估；完成页也未把升级数值与下一航程用途直接关联","因果信息分散在叙事文本、阶段转换结果和完成结论中，缺少与当前状态同源的决策前反馈及成长回报说明",fixed,"专项状态机回归覆盖甲板完整 100/100、击毁后 65/100、削弱 35、接舷按钮预览，以及船体 +20 和火炮 +25 两类完成收益；iPhone SE 3 两阶段 750x1334 实图与 Release 构建/archive 回归通过","internal-sample-polish-3.md; internal-sample-3-combat-impact.png; internal-sample-3-boarding-transfer.png; test_v2_internal_sample_3.lua; validate_internal_sample_3.py",closed
V2-034,P2,first_voyage_decisions,internal_sample_review,"皇家港模块按钮和迷雾航线按钮主要显示名称、风险与补给，具体收益分散在说明和选择结果中；首次玩家需要自行拼出模块及航线后果","既有数据源完整，但首航前没有把配置与路线的成本、战斗收益和成长收益组织成决策前预览",fixed,"专项回归验证默认可出航、模块 +20/+45/-1、盲选/测绘边界，以及安全路线接舷 +10 和暗礁近路船体 -10/升级资源；iPhone SE 3 两张 750x1334 实图与 Release 构建/archive 回归通过","internal-sample-polish-4.md; internal-sample-4-harbor-preview.png; internal-sample-4-route-preview.png; test_v2_internal_sample_4.lua; validate_internal_sample_4.py",closed
V2-035,P2,reward_conversion,internal_sample_review,"战利品结算只说明已装船，升级按钮只显示木材/铁料成本；耐久和齐射收益要到支付后的完成页才明确","奖励增量、资源用途、升级成本和下次航行收益分布在多个阶段，缺少支付前的完整成长转化说明",fixed,"专项回归逐项核对追猎者与符文奖励、木材-10到耐久+20、铁料-15到齐射+25，以及实际扣除和完成页一致性；iPhone SE 3 两张 750x1334 实图与 Release 构建/archive 回归通过","internal-sample-polish-5.md; internal-sample-5-settlement.png; internal-sample-5-upgrade.png; test_v2_internal_sample_5.lua; validate_internal_sample_5.py",closed
V2-036,P2,failure_recovery,internal_sample_review,"失败页说明了重试和返港成本，但未明确两条路径分别保留路线/战利品还是清除航线损伤；玩家可能因担心隐藏损失而无法安心选择","恢复成本、状态机保留边界和返回阶段没有在选择前组织成同源的完整后果说明",fixed,"专项回归验证原地重试仅扣补给并保留航线、损伤上下文和已确认收获；返港仅扣金币、保留已确认收获并清除路线损伤；iPhone SE 3 750x1334 实图与 Release 构建/archive 回归通过","internal-sample-polish-6.md; internal-sample-6-failed.png; test_v2_internal_sample_6.lua; validate_internal_sample_6.py",closed
V2-037,P1,archive_provenance,release_readiness_refresh,"无签名 archive 能验证版本与内容，却不携带候选 ID、源码 Git 提交或脏工作树状态；人工改名后可能把旧产物或未提交构建误当作冻结候选","构建入口、Info.plist、archive 校验和最终同候选门禁之间缺少产物内嵌的源码身份与可执行文件/dSYM 指纹链",fixed,"模拟器 App 实际写入 HEAD-dirty/development；专项拒绝未知提交、候选不一致和 dirty clean-gate；无签名 archive 精确匹配候选与提交，App/dSYM UUID 和 SHA-256 记录工具接入发行回归","archive-provenance-iteration-1.md; archive_provenance.py; test_archive_provenance.py; validate_ios_archive.py",closed
